,mutation,segid,PHENOTYPE,resid
0,A1002P,C,S,1002
1,A286V,C,R,286
2,A29T,C,S,29
3,A29V,C,S,29
4,A334D,C,S,334
5,A334V,C,S,334
6,A498G,C,S,498
7,A527V,C,S,527
8,A544V,C,S,544
9,A628G,C,S,628
10,A632G,C,S,632
11,A686T,C,S,686
12,A68V,C,S,68
13,A692T,C,S,692
14,A69P,C,S,69
15,A753T,C,S,753
16,A776V,C,S,776
17,A868V,C,S,868
18,A902P,C,S,902
19,A934V,C,S,934
20,A942T,C,S,942
21,A943T,C,S,943
22,A950V,C,S,950
23,A960E,C,S,960
24,A974G,C,S,974
25,A977T,C,S,977
26,A977V,C,S,977
27,A998V,C,S,998
28,C681G,C,S,681
29,D1006G,C,S,1006
30,D103E,C,S,103
31,D107E,C,S,107
32,D108E,C,S,108
33,D1146G,C,S,1146
34,D120G,C,S,120
35,D209N,C,S,209
36,D211V,C,S,211
37,D270E,C,S,270
38,D362H,C,S,362
39,D435A,C,S,435
40,D435F,C,R,435
41,D435G,C,S,435
42,D435L,C,R,435
43,D435V,C,R,435
44,D435Y,C,R,435
45,D49H,C,S,49
46,D515Y,C,S,515
47,D520V,C,S,520
48,D53N,C,S,53
49,D543G,C,S,543
50,D545A,C,S,545
51,D545E,C,S,545
52,D571Y,C,R,571
53,D595E,C,R,595
54,D634G,C,S,634
55,D703E,C,S,703
56,D851G,C,S,851
57,D903N,C,S,903
58,D955N,C,S,955
59,D993G,C,S,993
60,D997E,C,S,997
61,E1011A,C,S,1011
62,E1130V,C,S,1130
63,E1145G,C,S,1145
64,E132D,C,S,132
65,E156D,C,S,156
66,E240G,C,S,240
67,E250G,C,S,250
68,E320D,C,S,320
69,E320G,C,S,320
70,E337K,C,S,337
71,E344Q,C,S,344
72,E360Q,C,S,360
73,E460G,C,S,460
74,E507K,C,S,507
75,E563D,C,S,563
76,E639A,C,S,639
77,E639G,C,S,639
78,E639K,C,S,639
79,E639Q,C,S,639
80,E645G,C,S,645
81,E646G,C,S,646
82,E66K,C,S,66
83,E721D,C,S,721
84,E721G,C,S,721
85,E721K,C,S,721
86,E737G,C,S,737
87,E738A,C,S,738
88,E789K,C,S,789
89,E805A,C,S,805
90,E825G,C,S,825
91,F1005V,C,S,1005
92,F208L,C,S,208
93,F295L,C,S,295
94,F548L,C,S,548
95,F669L,C,S,669
96,F93L,C,S,93
97,G217S,C,S,217
98,G236D,C,S,236
99,G28R,C,S,28
100,G426S,C,S,426
101,G492S,C,S,492
102,G516D,C,S,516
103,G546S,C,S,546
104,G560A,C,S,560
105,G642S,C,S,642
106,G659D,C,S,659
107,G675D,C,S,675
108,G693V,C,S,693
109,G890D,C,S,890
110,G945E,C,S,945
111,G945R,C,S,945
112,G95R,C,S,95
113,G981D,C,R,981
114,H1028Y,C,R,1028
115,H194Y,C,S,194
116,H317Y,C,S,317
117,H343Q,C,S,343
118,H445C,C,R,445
119,H445D,C,R,445
120,H445F,C,R,445
121,H445G,C,R,445
122,H445L,C,R,445
123,H445N,C,S,445
124,H445P,C,R,445
125,H445R,C,R,445
126,H445S,C,R,445
127,H445T,C,R,445
128,H445Y,C,R,445
129,H533R,C,S,533
130,H656Q,C,S,656
131,H674Q,C,S,674
132,H674R,C,S,674
133,H749Y,C,S,749
134,H935R,C,S,935
135,I162T,C,R,162
136,I491F,C,S,491
137,I491L,C,R,491
138,I491Y,C,R,491
139,I506V,C,S,506
140,I751V,C,S,751
141,I783V,C,S,783
142,I892T,C,S,892
143,I910V,C,S,910
144,I925V,C,S,925
145,I965V,C,S,965
146,K1102R,C,S,1102
147,K298R,C,S,298
148,K309E,C,S,309
149,K37R,C,R,37
150,K446E,C,S,446
151,K711R,C,S,711
152,K891T,C,R,891
153,K939Q,C,S,939
154,K944E,C,S,944
155,K944N,C,S,944
156,L1004I,C,S,1004
157,L1132V,C,S,1132
158,L232R,C,R,232
159,L232V,C,S,232
160,L235R,C,S,235
161,L290F,C,S,290
162,L314V,C,S,314
163,L430P,C,S,430
164,L443F,C,S,443
165,L452M,C,S,452
166,L452P,C,R,452
167,L452Q,C,S,452
168,L48F,C,S,48
169,L893R,C,S,893
170,L893V,C,S,893
171,M1070I,C,S,1070
172,M121I,C,S,121
173,M153V,C,S,153
174,M154I,C,S,154
175,M390T,C,S,390
176,M398V,C,S,398
177,M434I,C,R,434
178,M573T,C,S,573
179,M587I,C,S,587
180,M624T,C,S,624
181,M655T,C,S,655
182,M707T,C,R,707
183,N135I,C,S,135
184,N163D,C,S,163
185,N163K,C,S,163
186,N24D,C,S,24
187,N292S,C,S,292
188,N369D,C,S,369
189,N381H,C,S,381
190,N724S,C,S,724
191,N963D,C,S,963
192,N963S,C,S,963
193,P1014R,C,S,1014
194,P27H,C,S,27
195,P280L,C,S,280
196,P30A,C,S,30
197,P30S,C,S,30
198,P321S,C,S,321
199,P358L,C,S,358
200,P358S,C,S,358
201,P439L,C,S,439
202,P454H,C,S,454
203,P454L,C,S,454
204,P454S,C,S,454
205,P509S,C,S,509
206,P541L,C,S,541
207,P682A,C,S,682
208,P682T,C,S,682
209,P700L,C,S,700
210,P719S,C,S,719
211,P834L,C,S,834
212,P856L,C,S,856
213,P89S,C,S,89
214,P906L,C,S,906
215,P954R,C,S,954
216,P988A,C,S,988
217,P988S,C,S,988
218,Q1123H,C,S,1123
219,Q409R,C,R,409
220,Q432K,C,R,432
221,Q432L,C,R,432
222,Q432N,C,R,432
223,Q432P,C,R,432
224,Q975H,C,S,975
225,R225Q,C,S,225
226,R304C,C,S,304
227,R448K,C,R,448
228,R499Q,C,S,499
229,R511L,C,S,511
230,R532C,C,S,532
231,R547S,C,S,547
232,R661Q,C,S,661
233,R734H,C,S,734
234,R791C,C,S,791
235,R952K,C,S,952
236,S1009T,C,S,1009
237,S1124A,C,S,1124
238,S1134R,C,S,1134
239,S195R,C,S,195
240,S239R,C,S,239
241,S388L,C,S,388
242,S441L,C,R,441
243,S441M,C,R,441
244,S441Q,C,R,441
245,S441V,C,R,441
246,S441W,C,R,441
247,S450C,C,S,450
248,S450F,C,R,450
249,S450L,C,R,450
250,S450M,C,R,450
251,S450Q,C,R,450
252,S450W,C,R,450
253,S450Y,C,R,450
254,S493R,C,R,493
255,S493W,C,S,493
256,S641R,C,S,641
257,S672F,C,S,672
258,S67F,C,S,67
259,S936R,C,S,936
260,S984L,C,S,984
261,S98A,C,S,98
262,T215A,C,S,215
263,T288K,C,S,288
264,T347I,C,S,347
265,T427A,C,S,427
266,T427G,C,S,427
267,T427N,C,S,427
268,T526S,C,S,526
269,T52S,C,S,52
270,T653A,C,S,653
271,T660I,C,S,660
272,T660N,C,S,660
273,T756I,C,S,756
274,V1117L,C,S,1117
275,V1129A,C,S,1129
276,V113I,C,S,113
277,V129G,C,S,129
278,V170F,C,R,170
279,V179A,C,S,179
280,V179M,C,S,179
281,V198L,C,S,198
282,V198M,C,S,198
283,V216I,C,S,216
284,V262A,C,R,262
285,V262F,C,S,262
286,V310G,C,S,310
287,V332I,C,S,332
288,V33L,C,S,33
289,V351I,C,S,351
290,V359A,C,S,359
291,V44A,C,S,44
292,V496M,C,R,496
293,V549I,C,S,549
294,V613F,C,S,613
295,V695L,C,S,695
296,V77G,C,S,77
297,V77M,C,S,77
298,V841L,C,S,841
299,V865M,C,S,865
300,V867A,C,S,867
301,V895F,C,S,895
302,V946G,C,S,946
303,Y308C,C,R,308
304,Y572C,C,S,572
305,Y651H,C,S,651
